,Region,Date,Estimated Unemployment Rate (%),Estimated Employed,Estimated Labour Participation Rate (%),Area,Regional
0,Andhra Pradesh,2019-05-31,3.65,11999139.0,43.24,Rural,South
1,Andhra Pradesh,2019-06-30,3.05,11755881.0,42.05,Rural,South
2,Andhra Pradesh,2019-07-31,3.75,12086707.0,43.5,Rural,South
3,Andhra Pradesh,2019-08-31,3.32,12285693.0,43.97,Rural,South
4,Andhra Pradesh,2019-09-30,5.17,12256762.0,44.68,Rural,South
5,Andhra Pradesh,2019-10-31,3.52,12017412.0,43.01,Rural,South
6,Andhra Pradesh,2019-11-30,4.12,11397681.0,41.0,Rural,South
7,Andhra Pradesh,2019-12-31,4.38,12528395.0,45.14,Rural,South
8,Andhra Pradesh,2019-05-31,6.09,4788661.0,37.45,Urban,South
9,Andhra Pradesh,2019-06-30,3.8,4824630.0,36.76,Urban,South
10,Andhra Pradesh,2019-07-31,5.64,4657443.0,36.1,Urban,South
11,Andhra Pradesh,2019-08-31,4.61,4743179.0,36.29,Urban,South
12,Andhra Pradesh,2019-09-30,6.01,4733996.0,36.69,Urban,South
13,Andhra Pradesh,2019-10-31,4.7,4774377.0,36.41,Urban,South
14,Andhra Pradesh,2019-11-30,7.54,4668772.0,36.62,Urban,South
15,Andhra Pradesh,2019-12-31,7.88,4913963.0,38.61,Urban,South
16,Andhra Pradesh,2020-01-31,5.48,16635535.0,41.02,Urban,South
17,Andhra Pradesh,2020-02-29,5.83,16545652.0,40.9,Urban,South
18,Andhra Pradesh,2020-03-31,5.79,15881197.0,39.18,Urban,South
19,Andhra Pradesh,2020-04-30,20.51,11336911.0,33.1,Urban,South
20,Andhra Pradesh,2020-05-31,17.43,12988845.0,36.46,Urban,South
21,Andhra Pradesh,2020-06-30,3.31,19805400.0,47.41,Urban,South
22,Andhra Pradesh,2020-07-31,8.34,15431615.0,38.91,Urban,South
23,Andhra Pradesh,2020-08-31,6.96,15251776.0,37.83,Urban,South
24,Andhra Pradesh,2020-09-30,6.4,15220312.0,37.47,Urban,South
25,Andhra Pradesh,2020-10-31,6.59,15157557.0,37.34,Urban,South
26,Assam,2019-05-31,4.29,11749334.0,57.39,Rural,Northeast
27,Assam,2019-06-30,5.08,8923222.0,43.87,Rural,Northeast
28,Assam,2019-07-31,4.26,9911534.0,48.21,Rural,Northeast
29,Assam,2019-08-31,5.79,9292039.0,45.83,Rural,Northeast
30,Assam,2019-09-30,4.46,11468349.0,55.67,Rural,Northeast
31,Assam,2019-10-31,4.65,8395906.0,40.76,Rural,Northeast
32,Assam,2019-11-30,4.66,9625362.0,46.64,Rural,Northeast
33,Assam,2019-05-31,7.87,1671707.0,44.92,Urban,Northeast
34,Assam,2019-06-30,9.89,1647342.0,45.17,Urban,Northeast
35,Assam,2019-07-31,3.21,1739838.0,44.32,Urban,Northeast
36,Assam,2019-08-31,10.39,1595582.0,43.81,Urban,Northeast
37,Assam,2019-09-30,9.26,1576480.0,42.66,Urban,Northeast
38,Assam,2019-10-31,11.17,1595176.0,44.01,Urban,Northeast
39,Assam,2019-11-30,6.31,1708045.0,44.59,Urban,Northeast
40,Assam,2019-12-31,5.02,1722303.0,44.26,Urban,Northeast
41,Assam,2020-01-31,4.66,13051904.0,52.98,Urban,Northeast
42,Assam,2020-02-29,4.41,10088268.0,40.77,Urban,Northeast
43,Assam,2020-03-31,4.77,11542888.0,46.73,Urban,Northeast
44,Assam,2020-04-30,11.06,6830817.0,29.55,Urban,Northeast
45,Assam,2020-05-31,9.55,11367897.0,48.26,Urban,Northeast
46,Assam,2020-06-30,0.6,9095944.0,35.07,Urban,Northeast
47,Assam,2020-07-31,3.77,10286757.0,40.88,Urban,Northeast
48,Assam,2020-08-31,5.53,9781310.0,39.52,Urban,Northeast
49,Assam,2020-09-30,1.19,14107641.0,54.38,Urban,Northeast
50,Assam,2020-10-31,3.02,11949329.0,46.84,Urban,Northeast
51,Bihar,2019-05-31,9.27,24322330.0,39.75,Rural,East
52,Bihar,2019-06-30,10.2,24097712.0,39.71,Rural,East
53,Bihar,2019-07-31,13.44,23248875.0,39.66,Rural,East
54,Bihar,2019-08-31,11.0,22260203.0,36.85,Rural,East
55,Bihar,2019-09-30,8.87,23905700.0,38.57,Rural,East
56,Bihar,2019-10-31,12.47,24053140.0,40.31,Rural,East
57,Bihar,2019-11-30,12.4,22445989.0,37.51,Rural,East
58,Bihar,2019-12-31,10.16,22914530.0,37.25,Rural,East
59,Bihar,2019-05-31,19.9,3029344.0,39.8,Urban,East
60,Bihar,2019-06-30,13.29,3248864.0,39.35,Urban,East
61,Bihar,2019-07-31,16.41,3059744.0,38.36,Urban,East
62,Bihar,2019-08-31,17.66,2994763.0,38.03,Urban,East
63,Bihar,2019-09-30,20.46,2992082.0,39.25,Urban,East
64,Bihar,2019-10-31,14.06,3173429.0,38.45,Urban,East
65,Bihar,2019-11-30,17.62,3081077.0,38.86,Urban,East
66,Bihar,2019-12-31,14.91,2977857.0,36.29,Urban,East
67,Bihar,2020-01-31,10.61,26397671.0,37.72,Urban,East
68,Bihar,2020-02-29,10.29,26281655.0,37.35,Urban,East
69,Bihar,2020-03-31,15.43,25717519.0,38.69,Urban,East
70,Bihar,2020-04-30,46.64,16046236.0,38.17,Urban,East
71,Bihar,2020-05-31,45.96,16280203.0,38.16,Urban,East
72,Bihar,2020-06-30,17.82,23963933.0,36.86,Urban,East
73,Bihar,2020-07-31,12.79,24989370.0,36.14,Urban,East
74,Bihar,2020-08-31,13.44,23795534.0,34.59,Urban,East
75,Bihar,2020-09-30,11.91,26902907.0,38.35,Urban,East
76,Bihar,2020-10-31,9.82,25693252.0,35.7,Urban,East
77,Chhattisgarh,2019-05-31,9.82,6259019.0,42.89,Rural,West
78,Chhattisgarh,2019-06-30,6.76,6608626.0,43.71,Rural,West
79,Chhattisgarh,2019-07-31,4.54,6753622.0,43.53,Rural,West
80,Chhattisgarh,2019-08-31,4.64,6607694.0,42.55,Rural,West
81,Chhattisgarh,2019-09-30,8.33,6490776.0,43.38,Rural,West
82,Chhattisgarh,2019-10-31,6.96,7043840.0,46.28,Rural,West
83,Chhattisgarh,2019-11-30,2.77,6942931.0,43.56,Rural,West
84,Chhattisgarh,2019-12-31,6.11,6569385.0,42.59,Rural,West
85,Chhattisgarh,2019-05-31,9.77,2223129.0,45.61,Urban,West
86,Chhattisgarh,2019-06-30,11.77,2192020.0,45.88,Urban,West
87,Chhattisgarh,2019-07-31,8.17,2285436.0,45.85,Urban,West
88,Chhattisgarh,2019-08-31,6.29,2392400.0,46.91,Urban,West
89,Chhattisgarh,2019-09-30,9.46,2311507.0,46.8,Urban,West
90,Chhattisgarh,2019-10-31,10.27,2297096.0,46.82,Urban,West
91,Chhattisgarh,2019-11-30,8.32,2341284.0,46.59,Urban,West
92,Chhattisgarh,2019-12-31,3.57,2415436.0,45.59,Urban,West
93,Chhattisgarh,2020-01-31,9.65,8552172.0,43.08,Urban,West
94,Chhattisgarh,2020-02-29,8.38,9195114.0,45.58,Urban,West
95,Chhattisgarh,2020-03-31,7.54,9302317.0,45.59,Urban,West
96,Chhattisgarh,2020-04-30,3.41,7600448.0,35.58,Urban,West
97,Chhattisgarh,2020-05-31,10.5,6991217.0,35.23,Urban,West
98,Chhattisgarh,2020-06-30,14.23,7332807.0,38.48,Urban,West
99,Chhattisgarh,2020-07-31,10.27,8620294.0,43.14,Urban,West
100,Chhattisgarh,2020-08-31,5.63,9050422.0,42.97,Urban,West
101,Chhattisgarh,2020-09-30,1.96,9021854.0,41.14,Urban,West
102,Chhattisgarh,2020-10-31,6.62,8546847.0,40.82,Urban,West
103,Delhi,2019-05-31,12.56,169487.0,42.33,Rural,North
104,Delhi,2019-06-30,9.33,149076.0,35.74,Rural,North
105,Delhi,2019-07-31,11.07,166605.0,40.53,Rural,North
106,Delhi,2019-08-31,17.18,135407.0,35.21,Rural,North
107,Delhi,2019-09-30,12.5,166056.0,40.68,Rural,North
108,Delhi,2019-10-31,15.84,149511.0,37.9,Rural,North
109,Delhi,2019-11-30,11.11,178768.0,42.71,Rural,North
110,Delhi,2019-12-31,16.97,145671.0,37.08,Rural,North
111,Delhi,2019-05-31,12.31,5756475.0,44.17,Urban,North
112,Delhi,2019-06-30,12.76,5550172.0,42.71,Urban,North
113,Delhi,2019-07-31,14.68,5393091.0,42.34,Urban,North
114,Delhi,2019-08-31,13.52,5552510.0,42.9,Urban,North
115,Delhi,2019-09-30,20.59,5642253.0,47.36,Urban,North
116,Delhi,2019-10-31,12.41,6030363.0,45.78,Urban,North
117,Delhi,2019-11-30,16.11,5439600.0,43.02,Urban,North
118,Delhi,2019-12-31,11.07,5718337.0,42.56,Urban,North
119,Delhi,2020-01-31,22.23,5805284.0,47.79,Urban,North
120,Delhi,2020-02-29,14.84,5856307.0,43.92,Urban,North
121,Delhi,2020-03-31,17.04,5553805.0,42.65,Urban,North
122,Delhi,2020-04-30,16.68,3119274.0,23.8,Urban,North
123,Delhi,2020-05-31,42.27,2632404.0,28.91,Urban,North
124,Delhi,2020-06-30,18.19,4418914.0,34.17,Urban,North
125,Delhi,2020-07-31,20.3,4291053.0,33.97,Urban,North
126,Delhi,2020-08-31,13.79,4850107.0,35.41,Urban,North
127,Delhi,2020-09-30,12.53,4958373.0,35.59,Urban,North
128,Delhi,2020-10-31,6.27,4842698.0,32.36,Urban,North
129,Goa,2019-05-31,2.91,179340.0,39.16,Rural,West
130,Goa,2019-06-30,5.45,170471.0,38.19,Rural,West
131,Goa,2019-07-31,10.98,167437.0,39.81,Rural,West
132,Goa,2019-08-31,1.98,183603.0,39.61,Rural,West
133,Goa,2019-09-30,3.61,163215.0,35.78,Rural,West
134,Goa,2019-10-31,7.21,177440.0,40.36,Rural,West
135,Goa,2019-11-30,23.71,159489.0,44.09,Rural,West
136,Goa,2019-12-31,3.54,177155.0,38.7,Rural,West
137,Goa,2019-05-31,2.75,264855.0,34.17,Urban,West
138,Goa,2019-06-30,13.33,304015.0,43.96,Urban,West
139,Goa,2019-07-31,12.28,280367.0,40.0,Urban,West
140,Goa,2019-08-31,4.9,243277.0,31.97,Urban,West
141,Goa,2019-09-30,3.16,309643.0,39.92,Urban,West
142,Goa,2019-10-31,12.31,290264.0,41.27,Urban,West
143,Goa,2019-11-30,25.2,271612.0,45.22,Urban,West
144,Goa,2019-12-31,16.22,288154.0,42.77,Urban,West
145,Goa,2020-01-31,8.89,416750.0,35.73,Urban,West
146,Goa,2020-02-29,2.81,478068.0,38.38,Urban,West
147,Goa,2020-03-31,5.25,411761.0,33.88,Urban,West
148,Goa,2020-04-30,13.31,500614.0,44.97,Urban,West
149,Goa,2020-05-31,21.25,378244.0,37.36,Urban,West
150,Goa,2020-06-30,9.96,489111.0,42.21,Urban,West
151,Goa,2020-07-31,17.07,458876.0,42.94,Urban,West
152,Goa,2020-08-31,16.21,473016.0,43.76,Urban,West
153,Goa,2020-09-30,15.38,425004.0,38.89,Urban,West
154,Goa,2020-10-31,11.54,392304.0,34.3,Urban,West
155,Gujarat,2019-05-31,2.88,13954728.0,52.03,Rural,West
156,Gujarat,2019-06-30,4.77,13199281.0,50.12,Rural,West
157,Gujarat,2019-07-31,4.58,14327083.0,54.21,Rural,West
158,Gujarat,2019-08-31,3.7,13507342.0,50.57,Rural,West
159,Gujarat,2019-09-30,6.29,13280783.0,51.01,Rural,West
160,Gujarat,2019-10-31,4.91,13828512.0,52.27,Rural,West
161,Gujarat,2019-11-30,4.68,14487815.0,54.55,Rural,West
162,Gujarat,2019-12-31,3.46,13877825.0,51.51,Rural,West
163,Gujarat,2019-05-31,4.09,9686558.0,41.67,Urban,West
164,Gujarat,2019-06-30,6.31,10144965.0,44.57,Urban,West
165,Gujarat,2019-07-31,5.15,9828023.0,42.54,Urban,West
166,Gujarat,2019-08-31,4.2,10228154.0,43.72,Urban,West
167,Gujarat,2019-09-30,5.96,9609939.0,41.75,Urban,West
168,Gujarat,2019-10-31,5.45,10474217.0,45.14,Urban,West
169,Gujarat,2019-11-30,7.53,9896129.0,43.5,Urban,West
170,Gujarat,2019-12-31,5.71,10172812.0,43.75,Urban,West
171,Gujarat,2020-01-31,5.54,24126346.0,48.49,Urban,West
172,Gujarat,2020-02-29,6.38,24757795.0,50.11,Urban,West
173,Gujarat,2020-03-31,6.66,23566641.0,47.75,Urban,West
174,Gujarat,2020-04-30,18.71,15288878.0,35.5,Urban,West
175,Gujarat,2020-05-31,12.11,17836936.0,38.23,Urban,West
176,Gujarat,2020-06-30,3.2,23657055.0,45.96,Urban,West
177,Gujarat,2020-07-31,1.84,24276120.0,46.41,Urban,West
178,Gujarat,2020-08-31,1.87,22817232.0,43.55,Urban,West
179,Gujarat,2020-09-30,3.42,25010199.0,48.41,Urban,West
180,Gujarat,2020-10-31,4.03,25970259.0,50.49,Urban,West
181,Haryana,2019-05-31,14.54,5249186.0,45.12,Rural,North
182,Haryana,2019-06-30,23.08,4745178.0,45.23,Rural,North
183,Haryana,2019-07-31,16.22,4826560.0,42.17,Rural,North
184,Haryana,2019-08-31,30.94,4558306.0,48.23,Rural,North
185,Haryana,2019-09-30,16.36,5127956.0,44.72,Rural,North
186,Haryana,2019-10-31,24.17,4798833.0,46.07,Rural,North
187,Haryana,2019-11-30,16.59,4875763.0,42.48,Rural,North
188,Haryana,2019-12-31,29.56,4603484.0,47.4,Rural,North
189,Haryana,2019-05-31,24.67,2693596.0,43.18,Urban,North
190,Haryana,2019-06-30,20.42,2845190.0,43.06,Urban,North
191,Haryana,2019-07-31,25.45,2405973.0,38.77,Urban,North
192,Haryana,2019-08-31,24.19,2523005.0,39.87,Urban,North
193,Haryana,2019-09-30,26.84,2675862.0,43.7,Urban,North
194,Haryana,2019-10-31,21.04,2821456.0,42.58,Urban,North
195,Haryana,2019-11-30,27.06,2404239.0,39.18,Urban,North
196,Haryana,2019-12-31,23.65,2548835.0,39.57,Urban,North
197,Haryana,2020-01-31,20.34,7693231.0,43.36,Urban,North
198,Haryana,2020-02-29,25.77,7322942.0,44.21,Urban,North
199,Haryana,2020-03-31,25.05,6641555.0,39.63,Urban,North
200,Haryana,2020-04-30,43.22,5647630.0,44.38,Urban,North
201,Haryana,2020-05-31,29.02,6437868.0,40.39,Urban,North
202,Haryana,2020-06-30,26.7,6951934.0,42.14,Urban,North
203,Haryana,2020-07-31,24.18,6800652.0,39.77,Urban,North
204,Haryana,2020-08-31,33.5,7113788.0,47.32,Urban,North
205,Haryana,2020-09-30,19.68,7132439.0,39.2,Urban,North
206,Haryana,2020-10-31,27.31,6698551.0,40.6,Urban,North
207,Himachal Pradesh,2019-05-31,13.68,2045760.0,44.23,Rural,North
208,Himachal Pradesh,2019-06-30,11.43,1957081.0,41.18,Rural,North
209,Himachal Pradesh,2019-07-31,20.59,1916824.0,44.91,Rural,North
210,Himachal Pradesh,2019-08-31,18.56,1969248.0,44.91,Rural,North
211,Himachal Pradesh,2019-09-30,15.98,2039804.0,45.02,Rural,North
212,Himachal Pradesh,2019-10-31,15.81,1946957.0,42.81,Rural,North
213,Himachal Pradesh,2019-11-30,22.86,2024409.0,48.5,Rural,North
214,Himachal Pradesh,2019-12-31,19.46,1922821.0,44.05,Rural,North
215,Himachal Pradesh,2019-05-31,10.88,245668.0,45.27,Urban,North
216,Himachal Pradesh,2019-06-30,21.43,237576.0,49.58,Urban,North
217,Himachal Pradesh,2019-07-31,21.51,235894.0,49.22,Urban,North
218,Himachal Pradesh,2019-08-31,24.48,236315.0,51.17,Urban,North
219,Himachal Pradesh,2019-09-30,12.0,247210.0,45.87,Urban,North
220,Himachal Pradesh,2019-10-31,23.77,232322.0,49.69,Urban,North
221,Himachal Pradesh,2019-11-30,27.27,233029.0,52.17,Urban,North
222,Himachal Pradesh,2019-12-31,25.32,241366.0,52.55,Urban,North
223,Himachal Pradesh,2020-01-31,16.83,2287632.0,45.5,Urban,North
224,Himachal Pradesh,2020-02-29,16.84,2180268.0,43.3,Urban,North
225,Himachal Pradesh,2020-03-31,18.76,2021858.0,41.04,Urban,North
226,Himachal Pradesh,2020-04-30,2.2,1131128.0,19.04,Urban,North
227,Himachal Pradesh,2020-05-31,26.95,1897639.0,42.7,Urban,North
228,Himachal Pradesh,2020-06-30,13.47,2199683.0,41.72,Urban,North
229,Himachal Pradesh,2020-07-31,24.31,2229456.0,48.25,Urban,North
230,Himachal Pradesh,2020-08-31,15.79,2029740.0,39.42,Urban,North
231,Himachal Pradesh,2020-09-30,12.04,2237480.0,41.54,Urban,North
232,Himachal Pradesh,2020-10-31,13.46,2123965.0,40.01,Urban,North
233,Jammu & Kashmir,2019-05-31,12.78,2495186.0,40.57,Rural,North
234,Jammu & Kashmir,2019-06-30,12.09,2423742.0,39.02,Rural,North
235,Jammu & Kashmir,2019-07-31,13.67,2549316.0,41.71,Rural,North
236,Jammu & Kashmir,2019-08-31,11.32,2778624.0,44.17,Rural,North
237,Jammu & Kashmir,2019-10-31,19.27,2477621.0,43.08,Rural,North
238,Jammu & Kashmir,2019-11-30,14.73,2415724.0,39.69,Rural,North
239,Jammu & Kashmir,2019-05-31,23.04,1130139.0,46.74,Urban,North
240,Jammu & Kashmir,2019-06-30,19.88,1139815.0,45.17,Urban,North
241,Jammu & Kashmir,2019-07-31,21.55,1183770.0,47.8,Urban,North
242,Jammu & Kashmir,2019-10-31,24.06,1029087.0,42.63,Urban,North
243,Jammu & Kashmir,2019-11-30,14.29,1226793.0,44.92,Urban,North
244,Jammu & Kashmir,2019-12-31,7.02,1209085.0,40.71,Urban,North
245,Jammu & Kashmir,2020-01-31,21.08,3453025.0,42.2,Urban,North
246,Jammu & Kashmir,2020-02-29,20.78,3223513.0,39.17,Urban,North
247,Jammu & Kashmir,2020-03-31,15.5,3359107.0,38.18,Urban,North
248,Jammu & Kashmir,2020-05-31,18.74,3246493.0,38.21,Urban,North
249,Jammu & Kashmir,2020-06-30,17.92,3202336.0,37.24,Urban,North
250,Jammu & Kashmir,2020-07-31,10.88,3558889.0,38.03,Urban,North
251,Jammu & Kashmir,2020-08-31,11.09,3429950.0,36.66,Urban,North
252,Jammu & Kashmir,2020-09-30,16.17,3210281.0,36.31,Urban,North
253,Jammu & Kashmir,2020-10-31,16.14,3106691.0,35.05,Urban,North
254,Jharkhand,2019-05-31,7.11,7035766.0,39.04,Rural,East
255,Jharkhand,2019-06-30,8.46,7319782.0,41.12,Rural,East
256,Jharkhand,2019-07-31,9.98,6958404.0,39.66,Rural,East
257,Jharkhand,2019-08-31,12.06,7015356.0,40.83,Rural,East
258,Jharkhand,2019-09-30,7.12,7500122.0,41.24,Rural,East
259,Jharkhand,2019-10-31,6.57,7761243.0,42.33,Rural,East
260,Jharkhand,2019-11-30,8.07,7279628.0,40.26,Rural,East
261,Jharkhand,2019-12-31,15.15,6873437.0,41.09,Rural,East
262,Jharkhand,2019-05-31,17.23,2404033.0,43.25,Urban,East
263,Jharkhand,2019-06-30,20.51,2326911.0,43.51,Urban,East
264,Jharkhand,2019-07-31,15.67,2434579.0,42.82,Urban,East
265,Jharkhand,2019-08-31,20.25,2335406.0,43.35,Urban,East
266,Jharkhand,2019-09-30,21.16,2357627.0,44.18,Urban,East
267,Jharkhand,2019-10-31,19.05,2460196.0,44.82,Urban,East
268,Jharkhand,2019-11-30,17.34,2424281.0,43.17,Urban,East
269,Jharkhand,2019-12-31,22.01,2290170.0,43.14,Urban,East
270,Jharkhand,2020-01-31,10.61,10198029.0,42.92,Urban,East
271,Jharkhand,2020-02-29,11.85,10425425.0,44.4,Urban,East
272,Jharkhand,2020-03-31,8.23,9638115.0,39.34,Urban,East
273,Jharkhand,2020-04-30,47.09,5335262.0,37.69,Urban,East
274,Jharkhand,2020-05-31,59.23,4145385.0,37.92,Urban,East
275,Jharkhand,2020-06-30,20.95,8622722.0,40.59,Urban,East
276,Jharkhand,2020-07-31,7.63,9521900.0,38.27,Urban,East
277,Jharkhand,2020-08-31,9.76,9331640.0,38.31,Urban,East
278,Jharkhand,2020-09-30,8.24,10185670.0,41.04,Urban,East
279,Jharkhand,2020-10-31,11.8,10302276.0,43.08,Urban,East
280,Karnataka,2019-05-31,5.46,13911440.0,46.36,Rural,South
281,Karnataka,2019-06-30,5.98,12888490.0,43.12,Rural,South
282,Karnataka,2019-07-31,0.52,12169808.0,38.42,Rural,South
283,Karnataka,2019-08-31,0.37,12686470.0,39.93,Rural,South
284,Karnataka,2019-09-30,3.2,13741892.0,44.45,Rural,South
285,Karnataka,2019-10-31,7.13,12803527.0,43.1,Rural,South
286,Karnataka,2019-11-30,1.19,11537217.0,36.45,Rural,South
287,Karnataka,2019-12-31,0.41,12756132.0,39.92,Rural,South
288,Karnataka,2019-05-31,6.56,8638239.0,40.62,Urban,South
289,Karnataka,2019-06-30,5.0,8862498.0,40.89,Urban,South
290,Karnataka,2019-07-31,2.29,8738029.0,39.09,Urban,South
291,Karnataka,2019-08-31,1.27,8614340.0,38.04,Urban,South
292,Karnataka,2019-09-30,3.57,8647794.0,39.0,Urban,South
293,Karnataka,2019-10-31,3.87,8799249.0,39.7,Urban,South
294,Karnataka,2019-11-30,3.44,8613835.0,38.6,Urban,South
295,Karnataka,2019-12-31,1.56,8592376.0,37.66,Urban,South
296,Karnataka,2020-01-31,2.86,22688028.0,42.18,Urban,South
297,Karnataka,2020-02-29,3.61,21677719.0,40.54,Urban,South
298,Karnataka,2020-03-31,3.46,22079653.0,41.14,Urban,South
299,Karnataka,2020-04-30,29.84,16718395.0,42.78,Urban,South
300,Karnataka,2020-05-31,19.97,19397853.0,43.43,Urban,South
301,Karnataka,2020-06-30,8.44,24215057.0,47.29,Urban,South
302,Karnataka,2020-07-31,4.01,22885616.0,42.55,Urban,South
303,Karnataka,2020-08-31,0.5,24094289.0,43.13,Urban,South
304,Karnataka,2020-09-30,2.41,20127176.0,36.66,Urban,South
305,Karnataka,2020-10-31,1.58,22356390.0,40.3,Urban,South
306,Kerala,2019-05-31,6.63,5184355.0,38.07,Rural,South
307,Kerala,2019-06-30,9.0,5605627.0,42.19,Rural,South
308,Kerala,2019-07-31,4.95,4855393.0,34.96,Rural,South
309,Kerala,2019-08-31,10.32,5233449.0,39.9,Rural,South
310,Kerala,2019-09-30,5.35,5400499.0,38.97,Rural,South
311,Kerala,2019-10-31,9.14,5328825.0,40.02,Rural,South
312,Kerala,2019-11-30,5.0,4557906.0,32.71,Rural,South
313,Kerala,2019-12-31,10.77,5065804.0,38.67,Rural,South
314,Kerala,2019-05-31,6.11,4605913.0,36.65,Urban,South
315,Kerala,2019-06-30,6.67,4678374.0,37.42,Urban,South
316,Kerala,2019-07-31,7.58,4105211.0,33.13,Urban,South
317,Kerala,2019-08-31,7.69,4448650.0,35.91,Urban,South
318,Kerala,2019-09-30,5.52,4640642.0,36.57,Urban,South
319,Kerala,2019-10-31,5.35,4644510.0,36.49,Urban,South
320,Kerala,2019-11-30,6.71,4062767.0,32.36,Urban,South
321,Kerala,2019-12-31,7.31,4440283.0,35.56,Urban,South
322,Kerala,2020-01-31,5.31,9904534.0,37.12,Urban,South
323,Kerala,2020-02-29,7.6,9828023.0,37.71,Urban,South
324,Kerala,2020-03-31,8.99,8221728.0,32.0,Urban,South
325,Kerala,2020-04-30,16.99,3933276.0,16.77,Urban,South
326,Kerala,2020-05-31,17.88,7921962.0,34.11,Urban,South
327,Kerala,2020-06-30,9.71,9228268.0,36.11,Urban,South
328,Kerala,2020-07-31,7.09,9504420.0,36.1,Urban,South
329,Kerala,2020-08-31,10.98,9031944.0,35.78,Urban,South
330,Kerala,2020-09-30,5.91,9240913.0,34.6,Urban,South
331,Kerala,2020-10-31,3.88,9152881.0,33.52,Urban,South
332,Madhya Pradesh,2019-05-31,3.63,15349838.0,37.97,Rural,West
333,Madhya Pradesh,2019-06-30,4.25,16294794.0,40.48,Rural,West
334,Madhya Pradesh,2019-07-31,3.92,16274707.0,40.2,Rural,West
335,Madhya Pradesh,2019-08-31,4.94,16559137.0,41.25,Rural,West
336,Madhya Pradesh,2019-09-30,3.08,16159315.0,39.4,Rural,West
337,Madhya Pradesh,2019-10-31,2.98,17060638.0,41.46,Rural,West
338,Madhya Pradesh,2019-11-30,2.72,16306428.0,39.44,Rural,West
339,Madhya Pradesh,2019-12-31,2.94,16854647.0,40.77,Rural,West
340,Madhya Pradesh,2019-05-31,3.91,6692720.0,38.96,Urban,West
341,Madhya Pradesh,2019-06-30,6.38,6509340.0,38.8,Urban,West
342,Madhya Pradesh,2019-07-31,7.38,6266446.0,37.67,Urban,West
343,Madhya Pradesh,2019-08-31,6.82,6809834.0,40.6,Urban,West
344,Madhya Pradesh,2019-09-30,7.0,6655967.0,39.67,Urban,West
345,Madhya Pradesh,2019-10-31,4.4,6603715.0,38.2,Urban,West
346,Madhya Pradesh,2019-11-30,6.06,6459457.0,37.94,Urban,West
347,Madhya Pradesh,2019-12-31,6.2,6787403.0,39.83,Urban,West
348,Madhya Pradesh,2020-01-31,4.11,23018632.0,39.42,Urban,West
349,Madhya Pradesh,2020-02-29,4.57,22711479.0,39.0,Urban,West
350,Madhya Pradesh,2020-03-31,2.22,22867164.0,38.24,Urban,West
351,Madhya Pradesh,2020-04-30,12.36,19041832.0,35.45,Urban,West
352,Madhya Pradesh,2020-05-31,21.98,18443927.0,38.48,Urban,West
353,Madhya Pradesh,2020-06-30,6.48,23054646.0,40.04,Urban,West
354,Madhya Pradesh,2020-07-31,5.08,23940158.0,40.88,Urban,West
355,Madhya Pradesh,2020-08-31,4.7,23619011.0,40.08,Urban,West
356,Madhya Pradesh,2020-09-30,3.91,23341952.0,39.2,Urban,West
357,Madhya Pradesh,2020-10-31,3.13,23144552.0,38.47,Urban,West
358,Maharashtra,2019-05-31,3.67,23896858.0,47.11,Rural,West
359,Maharashtra,2019-06-30,4.34,23056511.0,45.69,Rural,West
360,Maharashtra,2019-07-31,3.66,24843750.0,48.8,Rural,West
361,Maharashtra,2019-08-31,3.76,26835389.0,52.67,Rural,West
362,Maharashtra,2019-09-30,4.4,25219281.0,49.74,Rural,West
363,Maharashtra,2019-10-31,3.81,24330249.0,47.61,Rural,West
364,Maharashtra,2019-11-30,3.68,24881383.0,48.53,Rural,West
365,Maharashtra,2019-12-31,3.03,26357625.0,50.98,Rural,West
366,Maharashtra,2019-05-31,6.08,16962574.0,38.3,Urban,West
367,Maharashtra,2019-06-30,6.46,17375053.0,39.3,Urban,West
368,Maharashtra,2019-07-31,6.35,17215677.0,38.81,Urban,West
369,Maharashtra,2019-08-31,7.57,16602767.0,37.84,Urban,West
370,Maharashtra,2019-09-30,7.6,17396398.0,39.58,Urban,West
371,Maharashtra,2019-10-31,7.51,17221991.0,39.05,Urban,West
372,Maharashtra,2019-11-30,7.6,17486683.0,39.61,Urban,West
373,Maharashtra,2019-12-31,7.83,16581144.0,37.57,Urban,West
374,Maharashtra,2020-01-31,4.95,42596868.0,44.19,Urban,West
375,Maharashtra,2020-02-29,4.69,42416317.0,43.8,Urban,West
376,Maharashtra,2020-03-31,5.79,40196806.0,41.91,Urban,West
377,Maharashtra,2020-04-30,20.9,27689253.0,34.32,Urban,West
378,Maharashtra,2020-05-31,15.46,32116847.0,37.17,Urban,West
379,Maharashtra,2020-06-30,9.23,39708538.0,42.71,Urban,West
380,Maharashtra,2020-07-31,3.89,40998545.0,41.57,Urban,West
381,Maharashtra,2020-08-31,6.23,40963616.0,42.49,Urban,West
382,Maharashtra,2020-09-30,4.55,42042911.0,42.75,Urban,West
383,Maharashtra,2020-10-31,4.1,43317881.0,43.75,Urban,West
384,Meghalaya,2019-05-31,3.16,1119011.0,66.13,Rural,Northeast
385,Meghalaya,2019-06-30,4.23,1024797.0,61.09,Rural,Northeast
386,Meghalaya,2019-07-31,1.03,1158511.0,66.67,Rural,Northeast
387,Meghalaya,2019-08-31,0.52,1065725.0,60.86,Rural,Northeast
388,Meghalaya,2019-09-30,0.24,1162159.0,66.02,Rural,Northeast
389,Meghalaya,2019-10-31,3.7,1080609.0,63.44,Rural,Northeast
390,Meghalaya,2019-11-30,1.5,1205703.0,69.03,Rural,Northeast
391,Meghalaya,2019-12-31,1.8,1102997.0,63.18,Rural,Northeast
392,Meghalaya,2019-05-31,8.4,228978.0,47.79,Urban,Northeast
393,Meghalaya,2019-06-30,8.66,231252.0,48.29,Urban,Northeast
394,Meghalaya,2019-07-31,4.43,284015.0,56.55,Urban,Northeast
395,Meghalaya,2019-08-31,5.8,259433.0,52.27,Urban,Northeast
396,Meghalaya,2019-09-30,5.3,253887.0,50.77,Urban,Northeast
397,Meghalaya,2019-10-31,7.2,234375.0,47.71,Urban,Northeast
398,Meghalaya,2019-11-30,3.02,293431.0,57.02,Urban,Northeast
399,Meghalaya,2019-12-31,5.21,267417.0,53.04,Urban,Northeast
400,Meghalaya,2020-01-31,1.66,1491093.0,65.49,Urban,Northeast
401,Meghalaya,2020-02-29,3.59,1346829.0,60.2,Urban,Northeast
402,Meghalaya,2020-03-31,1.58,1482351.0,64.74,Urban,Northeast
403,Meghalaya,2020-04-30,10.03,965057.0,45.99,Urban,Northeast
404,Meghalaya,2020-05-31,5.92,1215064.0,55.24,Urban,Northeast
405,Meghalaya,2020-06-30,1.15,1350794.0,58.31,Urban,Northeast
406,Meghalaya,2020-07-31,2.1,1448106.0,62.96,Urban,Northeast
407,Meghalaya,2020-08-31,3.74,1357643.0,59.88,Urban,Northeast
408,Meghalaya,2020-09-30,4.29,1459726.0,64.6,Urban,Northeast
409,Meghalaya,2020-10-31,4.6,1381490.0,61.18,Urban,Northeast
410,Odisha,2019-05-31,4.17,11155753.0,40.47,Rural,East
411,Odisha,2019-06-30,4.71,10965154.0,39.94,Rural,East
412,Odisha,2019-07-31,3.31,12009883.0,43.05,Rural,East
413,Odisha,2019-08-31,3.68,11727659.0,42.13,Rural,East
414,Odisha,2019-09-30,4.31,11167715.0,40.32,Rural,East
415,Odisha,2019-10-31,4.28,11621534.0,41.88,Rural,East
416,Odisha,2019-11-30,4.72,12192623.0,44.06,Rural,East
417,Odisha,2019-12-31,4.67,11345069.0,40.91,Rural,East
418,Odisha,2019-05-31,2.95,2519582.0,41.26,Urban,East
419,Odisha,2019-06-30,2.63,2356290.0,38.39,Urban,East
420,Odisha,2019-07-31,1.78,2542237.0,40.99,Urban,East
421,Odisha,2019-08-31,3.5,2456983.0,40.25,Urban,East
422,Odisha,2019-09-30,3.78,2570663.0,42.15,Urban,East
423,Odisha,2019-10-31,4.5,2456855.0,40.51,Urban,East
424,Odisha,2019-11-30,2.23,2594469.0,41.71,Urban,East
425,Odisha,2019-12-31,3.36,2369048.0,38.46,Urban,East
426,Odisha,2020-01-31,1.9,13743448.0,39.44,Urban,East
427,Odisha,2020-02-29,3.12,14280735.0,41.44,Urban,East
428,Odisha,2020-03-31,13.08,12272109.0,39.62,Urban,East
429,Odisha,2020-04-30,23.76,6865693.0,25.23,Urban,East
430,Odisha,2020-05-31,11.41,11730937.0,37.04,Urban,East
431,Odisha,2020-06-30,3.77,12903993.0,37.45,Urban,East
432,Odisha,2020-07-31,1.88,13614400.0,38.69,Urban,East
433,Odisha,2020-08-31,1.42,14154039.0,39.96,Urban,East
434,Odisha,2020-09-30,2.1,13608422.0,38.63,Urban,East
435,Odisha,2020-10-31,2.18,14094553.0,39.98,Urban,East
436,Puducherry,2019-05-31,0.0,172474.0,43.08,Rural,South
437,Puducherry,2019-06-30,0.0,184527.0,45.95,Rural,South
438,Puducherry,2019-07-31,0.0,139227.0,34.56,Rural,South
439,Puducherry,2019-08-31,4.85,183930.0,47.83,Rural,South
440,Puducherry,2019-09-30,0.0,175718.0,43.34,Rural,South
441,Puducherry,2019-10-31,1.18,180283.0,44.85,Rural,South
442,Puducherry,2019-11-30,0.0,142787.0,35.0,Rural,South
443,Puducherry,2019-12-31,1.99,180808.0,45.07,Rural,South
444,Puducherry,2019-05-31,1.25,283905.0,35.71,Urban,South
445,Puducherry,2019-06-30,0.0,304369.0,37.73,Urban,South
446,Puducherry,2019-07-31,0.0,281117.0,34.77,Urban,South
447,Puducherry,2019-08-31,8.95,312882.0,42.41,Urban,South
448,Puducherry,2019-09-30,1.22,286573.0,35.73,Urban,South
449,Puducherry,2019-10-31,1.17,312548.0,38.86,Urban,South
450,Puducherry,2019-11-30,1.37,275003.0,34.19,Urban,South
451,Puducherry,2019-12-31,5.21,313135.0,40.42,Urban,South
452,Puducherry,2020-01-31,0.58,457950.0,37.46,Urban,South
453,Puducherry,2020-02-29,1.76,493961.0,40.8,Urban,South
454,Puducherry,2020-03-31,1.2,421028.0,34.49,Urban,South
455,Puducherry,2020-04-30,75.85,117542.0,39.3,Urban,South
456,Puducherry,2020-05-31,58.19,172308.0,33.19,Urban,South
457,Puducherry,2020-06-30,4.24,367135.0,30.8,Urban,South
458,Puducherry,2020-07-31,15.47,386563.0,36.64,Urban,South
459,Puducherry,2020-08-31,5.05,396006.0,33.34,Urban,South
460,Puducherry,2020-09-30,10.9,411717.0,36.84,Urban,South
461,Puducherry,2020-10-31,6.18,428419.0,36.32,Urban,South
462,Punjab,2019-05-31,9.17,6088547.0,44.79,Rural,North
463,Punjab,2019-06-30,12.21,6025235.0,45.79,Rural,North
464,Punjab,2019-07-31,9.64,6308129.0,46.5,Rural,North
465,Punjab,2019-08-31,6.69,6183427.0,44.08,Rural,North
466,Punjab,2019-09-30,8.59,6260971.0,45.49,Rural,North
467,Punjab,2019-10-31,12.56,6021921.0,45.66,Rural,North
468,Punjab,2019-11-30,7.07,6395022.0,45.55,Rural,North
469,Punjab,2019-12-31,6.13,6164215.0,43.4,Rural,North
470,Punjab,2019-05-31,13.49,3289918.0,40.03,Urban,North
471,Punjab,2019-06-30,13.17,3307798.0,40.02,Urban,North
472,Punjab,2019-07-31,11.61,3592442.0,42.62,Urban,North
473,Punjab,2019-08-31,11.99,3499863.0,41.61,Urban,North
474,Punjab,2019-09-30,15.69,3227178.0,39.97,Urban,North
475,Punjab,2019-10-31,13.75,3070438.0,37.1,Urban,North
476,Punjab,2019-11-30,10.39,3602243.0,41.82,Urban,North
477,Punjab,2019-12-31,11.97,3575778.0,42.17,Urban,North
478,Punjab,2020-01-31,11.11,9442093.0,42.82,Urban,North
479,Punjab,2020-02-29,10.97,9229047.0,41.72,Urban,North
480,Punjab,2020-03-31,10.32,9975485.0,44.69,Urban,North
481,Punjab,2020-04-30,2.86,7020565.0,28.99,Urban,North
482,Punjab,2020-05-31,28.33,6872938.0,38.39,Urban,North
483,Punjab,2020-06-30,16.55,8390766.0,40.18,Urban,North
484,Punjab,2020-07-31,9.19,9732417.0,42.76,Urban,North
485,Punjab,2020-08-31,10.99,9386169.0,41.99,Urban,North
486,Punjab,2020-09-30,9.61,8980432.0,39.5,Urban,North
487,Punjab,2020-10-31,9.88,8800430.0,38.75,Urban,North
488,Rajasthan,2019-05-31,4.03,15226005.0,38.52,Rural,North
489,Rajasthan,2019-06-30,13.7,14610564.0,41.02,Rural,North
490,Rajasthan,2019-07-31,9.7,14859873.0,39.78,Rural,North
491,Rajasthan,2019-08-31,12.5,15052051.0,41.48,Rural,North
492,Rajasthan,2019-09-30,5.45,15419779.0,39.24,Rural,North
493,Rajasthan,2019-10-31,14.66,15178544.0,42.69,Rural,North
494,Rajasthan,2019-11-30,10.47,15278556.0,40.87,Rural,North
495,Rajasthan,2019-12-31,13.96,15485307.0,43.0,Rural,North
496,Rajasthan,2019-05-31,13.62,5108436.0,39.44,Urban,North
497,Rajasthan,2019-06-30,14.36,5241174.0,40.73,Urban,North
498,Rajasthan,2019-07-31,11.67,5372470.0,40.38,Urban,North
499,Rajasthan,2019-08-31,14.71,5195170.0,40.34,Urban,North
500,Rajasthan,2019-09-30,12.63,5176819.0,39.15,Urban,North
501,Rajasthan,2019-10-31,13.02,5384335.0,40.8,Urban,North
502,Rajasthan,2019-11-30,14.3,5306715.0,40.73,Urban,North
503,Rajasthan,2019-12-31,18.04,5109481.0,40.9,Urban,North
504,Rajasthan,2020-01-31,10.97,20641716.0,40.51,Urban,North
505,Rajasthan,2020-02-29,15.16,20328915.0,41.77,Urban,North
506,Rajasthan,2020-03-31,11.9,20024680.0,39.54,Urban,North
507,Rajasthan,2020-04-30,17.7,15984142.0,33.71,Urban,North
508,Rajasthan,2020-05-31,15.74,19826602.0,40.74,Urban,North
509,Rajasthan,2020-06-30,14.39,20506612.0,41.38,Urban,North
510,Rajasthan,2020-07-31,15.81,19932393.0,40.8,Urban,North
511,Rajasthan,2020-08-31,17.51,20014060.0,41.71,Urban,North
512,Rajasthan,2020-09-30,15.35,20149594.0,40.83,Urban,North
513,Rajasthan,2020-10-31,24.15,19908808.0,44.92,Urban,North
514,Sikkim,2019-10-31,5.48,146688.0,44.06,Rural,Northeast
515,Sikkim,2019-11-30,13.11,162426.0,53.04,Rural,Northeast
516,Sikkim,2019-12-31,1.0,161647.0,46.3,Rural,Northeast
517,Sikkim,2019-05-31,8.2,89587.0,48.61,Urban,Northeast
518,Sikkim,2019-06-30,7.76,89702.0,48.13,Urban,Northeast
519,Sikkim,2019-07-31,2.56,108334.0,54.67,Urban,Northeast
520,Sikkim,2019-08-31,4.82,90850.0,46.63,Urban,Northeast
521,Sikkim,2019-09-30,4.81,89450.0,45.61,Urban,Northeast
522,Sikkim,2019-10-31,9.68,87974.0,46.97,Urban,Northeast
523,Sikkim,2019-11-30,4.04,107751.0,53.8,Urban,Northeast
524,Sikkim,2019-12-31,7.37,88035.0,45.24,Urban,Northeast
525,Sikkim,2020-03-31,23.57,262895.0,60.59,Urban,Northeast
526,Sikkim,2020-04-30,2.28,215303.0,38.7,Urban,Northeast
527,Sikkim,2020-05-31,24.51,193427.0,44.88,Urban,Northeast
528,Sikkim,2020-06-30,4.46,221058.0,40.4,Urban,Northeast
529,Sikkim,2020-07-31,4.45,265175.0,48.32,Urban,Northeast
530,Sikkim,2020-08-31,12.49,244462.0,48.49,Urban,Northeast
531,Sikkim,2020-09-30,5.7,231798.0,42.54,Urban,Northeast
532,Sikkim,2020-10-31,0.88,242068.0,42.13,Urban,Northeast
533,Tamil Nadu,2019-05-31,0.97,15844698.0,49.44,Rural,South
534,Tamil Nadu,2019-06-30,0.92,16375303.0,50.99,Rural,South
535,Tamil Nadu,2019-07-31,6.01,16455928.0,53.94,Rural,South
536,Tamil Nadu,2019-08-31,2.91,16463931.0,52.17,Rural,South
537,Tamil Nadu,2019-09-30,1.71,14595441.0,45.62,Rural,South
538,Tamil Nadu,2019-10-31,1.46,15595647.0,48.55,Rural,South
539,Tamil Nadu,2019-11-30,2.46,16223430.0,50.95,Rural,South
540,Tamil Nadu,2019-12-31,3.73,15356938.0,48.8,Rural,South
541,Tamil Nadu,2019-05-31,0.89,11798080.0,37.31,Urban,South
542,Tamil Nadu,2019-06-30,1.56,12318745.0,39.16,Urban,South
543,Tamil Nadu,2019-07-31,3.18,12054414.0,38.89,Urban,South
544,Tamil Nadu,2019-08-31,9.53,11933093.0,41.13,Urban,South
545,Tamil Nadu,2019-09-30,1.86,11902824.0,37.76,Urban,South
546,Tamil Nadu,2019-10-31,1.13,12223948.0,38.42,Urban,South
547,Tamil Nadu,2019-11-30,2.65,11729952.0,37.38,Urban,South
548,Tamil Nadu,2019-12-31,8.05,12260389.0,41.29,Urban,South
549,Tamil Nadu,2020-01-31,1.57,26881641.0,41.96,Urban,South
550,Tamil Nadu,2020-02-29,2.09,27570589.0,43.2,Urban,South
551,Tamil Nadu,2020-03-31,6.4,26830768.0,43.91,Urban,South
552,Tamil Nadu,2020-04-30,49.83,9719167.0,29.63,Urban,South
553,Tamil Nadu,2020-05-31,33.16,11483256.0,26.23,Urban,South
554,Tamil Nadu,2020-06-30,12.2,19096847.0,33.16,Urban,South
555,Tamil Nadu,2020-07-31,6.81,24572827.0,40.13,Urban,South
556,Tamil Nadu,2020-08-31,2.65,27046415.0,42.22,Urban,South
557,Tamil Nadu,2020-09-30,5.0,23025845.0,36.77,Urban,South
558,Tamil Nadu,2020-10-31,2.16,23651626.0,36.62,Urban,South
559,Telangana,2019-05-31,2.23,11053353.0,61.74,Rural,South
560,Telangana,2019-06-30,5.92,10728822.0,62.19,Rural,South
561,Telangana,2019-07-31,2.45,11538688.0,64.4,Rural,South
562,Telangana,2019-08-31,1.4,10743959.0,59.23,Rural,South
563,Telangana,2019-09-30,5.49,12636415.0,72.57,Rural,South
564,Telangana,2019-10-31,7.29,11375354.0,66.49,Rural,South
565,Telangana,2019-11-30,6.47,11265828.0,65.17,Rural,South
566,Telangana,2019-12-31,1.35,11068056.0,60.61,Rural,South
567,Telangana,2019-05-31,1.52,5560649.0,44.59,Urban,South
568,Telangana,2019-06-30,1.43,5683349.0,45.43,Urban,South
569,Telangana,2019-07-31,3.73,5432503.0,44.36,Urban,South
570,Telangana,2019-08-31,4.19,5544693.0,45.39,Urban,South
571,Telangana,2019-09-30,6.19,5668785.0,47.28,Urban,South
572,Telangana,2019-10-31,6.74,5318341.0,44.51,Urban,South
573,Telangana,2019-11-30,5.23,5338119.0,43.87,Urban,South
574,Telangana,2019-12-31,4.22,5317782.0,43.13,Urban,South
575,Telangana,2020-01-31,5.49,17609295.0,59.25,Urban,South
576,Telangana,2020-02-29,8.29,16825970.0,58.24,Urban,South
577,Telangana,2020-03-31,5.77,17341613.0,58.31,Urban,South
578,Telangana,2020-04-30,6.25,12172230.0,41.06,Urban,South
579,Telangana,2020-05-31,14.7,14977774.0,55.43,Urban,South
580,Telangana,2020-06-30,10.55,15108910.0,53.22,Urban,South
581,Telangana,2020-07-31,5.36,15679417.0,52.1,Urban,South
582,Telangana,2020-08-31,5.79,18185429.0,60.59,Urban,South
583,Telangana,2020-09-30,3.27,16961448.0,54.94,Urban,South
584,Telangana,2020-10-31,2.86,17578739.0,56.58,Urban,South
585,Tripura,2019-05-31,29.25,1019549.0,64.47,Rural,Northeast
586,Tripura,2019-06-30,26.64,1107013.0,67.4,Rural,Northeast
587,Tripura,2019-07-31,22.47,1052597.0,60.54,Rural,Northeast
588,Tripura,2019-08-31,25.49,975501.0,58.29,Rural,Northeast
589,Tripura,2019-09-30,30.23,1034408.0,65.9,Rural,Northeast
590,Tripura,2019-10-31,27.54,1113764.0,68.21,Rural,Northeast
591,Tripura,2019-11-30,25.25,1084633.0,64.29,Rural,Northeast
592,Tripura,2019-12-31,26.53,1046878.0,63.02,Rural,Northeast
593,Tripura,2019-05-31,34.69,423127.0,69.5,Urban,Northeast
594,Tripura,2019-06-30,25.59,408738.0,58.8,Urban,Northeast
595,Tripura,2019-07-31,25.81,410583.0,59.1,Urban,Northeast
596,Tripura,2019-08-31,33.45,368977.0,59.07,Urban,Northeast
597,Tripura,2019-09-30,33.57,418043.0,66.9,Urban,Northeast
598,Tripura,2019-10-31,26.67,414808.0,60.0,Urban,Northeast
599,Tripura,2019-11-30,27.15,427700.0,62.14,Urban,Northeast
600,Tripura,2019-12-31,33.48,399427.0,63.41,Urban,Northeast
601,Tripura,2020-01-31,32.67,1508130.0,69.69,Urban,Northeast
602,Tripura,2020-02-29,28.4,1584686.0,68.74,Urban,Northeast
603,Tripura,2020-03-31,29.95,1511217.0,66.89,Urban,Northeast
604,Tripura,2020-04-30,41.23,971514.0,51.16,Urban,Northeast
605,Tripura,2020-05-31,21.51,1290986.0,50.81,Urban,Northeast
606,Tripura,2020-06-30,21.71,1494140.0,58.85,Urban,Northeast
607,Tripura,2020-07-31,18.24,1348849.0,50.78,Urban,Northeast
608,Tripura,2020-08-31,27.92,1318621.0,56.21,Urban,Northeast
609,Tripura,2020-09-30,17.35,1368244.0,50.77,Urban,Northeast
610,Tripura,2020-10-31,11.57,1576529.0,54.58,Urban,Northeast
611,Uttar Pradesh,2019-05-31,10.26,43287808.0,39.96,Rural,North
612,Uttar Pradesh,2019-06-30,11.13,42276572.0,39.32,Rural,North
613,Uttar Pradesh,2019-07-31,9.19,42697000.0,38.78,Rural,North
614,Uttar Pradesh,2019-08-31,11.47,43298746.0,40.24,Rural,North
615,Uttar Pradesh,2019-09-30,6.45,44198762.0,38.79,Rural,North
616,Uttar Pradesh,2019-10-31,10.18,42833265.0,39.07,Rural,North
617,Uttar Pradesh,2019-11-30,6.94,43261530.0,38.01,Rural,North
618,Uttar Pradesh,2019-12-31,8.43,44640087.0,39.77,Rural,North
619,Uttar Pradesh,2019-05-31,14.4,13391244.0,40.43,Urban,North
620,Uttar Pradesh,2019-06-30,11.62,13624452.0,39.75,Urban,North
621,Uttar Pradesh,2019-07-31,11.8,13862431.0,40.43,Urban,North
622,Uttar Pradesh,2019-08-31,14.73,13580241.0,40.87,Urban,North
623,Uttar Pradesh,2019-09-30,13.58,13522970.0,40.07,Urban,North
624,Uttar Pradesh,2019-10-31,10.35,13938303.0,39.71,Urban,North
625,Uttar Pradesh,2019-11-30,11.31,14128888.0,40.6,Urban,North
626,Uttar Pradesh,2019-12-31,12.37,13857200.0,40.21,Urban,North
627,Uttar Pradesh,2020-01-31,7.58,59433759.0,39.63,Urban,North
628,Uttar Pradesh,2020-02-29,8.98,58060531.0,39.23,Urban,North
629,Uttar Pradesh,2020-03-31,10.11,56976338.0,38.89,Urban,North
630,Uttar Pradesh,2020-04-30,21.54,50915056.0,39.73,Urban,North
631,Uttar Pradesh,2020-05-31,20.41,49801902.0,38.22,Urban,North
632,Uttar Pradesh,2020-06-30,9.47,55380649.0,37.29,Urban,North
633,Uttar Pradesh,2020-07-31,5.56,56201654.0,36.19,Urban,North
634,Uttar Pradesh,2020-08-31,5.79,55831744.0,35.96,Urban,North
635,Uttar Pradesh,2020-09-30,4.18,56106836.0,35.45,Urban,North
636,Uttar Pradesh,2020-10-31,3.75,56539521.0,35.49,Urban,North
637,Uttarakhand,2019-05-31,1.63,2108044.0,37.47,Rural,North
638,Uttarakhand,2019-06-30,4.65,2021553.0,37.01,Rural,North
639,Uttarakhand,2019-07-31,5.74,2000524.0,36.97,Rural,North
640,Uttarakhand,2019-08-31,6.11,1911380.0,35.39,Rural,North
641,Uttarakhand,2019-09-30,3.47,2157845.0,38.79,Rural,North
642,Uttarakhand,2019-10-31,4.83,2027662.0,36.9,Rural,North
643,Uttarakhand,2019-11-30,5.56,2007113.0,36.73,Rural,North
644,Uttarakhand,2019-12-31,4.52,1947566.0,35.19,Rural,North
645,Uttarakhand,2019-05-31,9.17,676797.0,26.33,Urban,North
646,Uttarakhand,2019-06-30,4.69,906889.0,33.54,Urban,North
647,Uttarakhand,2019-07-31,6.94,859900.0,32.48,Urban,North
648,Uttarakhand,2019-08-31,7.43,823967.0,31.21,Urban,North
649,Uttarakhand,2019-09-30,9.62,711150.0,27.51,Urban,North
650,Uttarakhand,2019-10-31,4.72,925174.0,33.87,Urban,North
651,Uttarakhand,2019-11-30,6.34,904903.0,33.61,Urban,North
652,Uttarakhand,2019-12-31,7.39,844779.0,31.65,Urban,North
653,Uttarakhand,2020-01-31,5.49,2711639.0,32.99,Urban,North
654,Uttarakhand,2020-02-29,4.99,3020931.0,36.48,Urban,North
655,Uttarakhand,2020-03-31,19.85,2539302.0,36.27,Urban,North
656,Uttarakhand,2020-04-30,6.48,2720115.0,33.23,Urban,North
657,Uttarakhand,2020-05-31,8.01,2694072.0,33.38,Urban,North
658,Uttarakhand,2020-06-30,8.61,2656071.0,33.06,Urban,North
659,Uttarakhand,2020-07-31,12.38,2938552.0,38.07,Urban,North
660,Uttarakhand,2020-08-31,14.26,2717528.0,35.9,Urban,North
661,Uttarakhand,2020-09-30,22.26,2695230.0,39.18,Urban,North
662,Uttarakhand,2020-10-31,9.23,2739309.0,34.03,Urban,North
663,West Bengal,2019-05-31,6.02,23452875.0,46.41,Rural,East
664,West Bengal,2019-06-30,5.85,25543465.0,50.36,Rural,East
665,West Bengal,2019-07-31,5.62,24857807.0,48.78,Rural,East
666,West Bengal,2019-08-31,5.58,24924827.0,48.79,Rural,East
667,West Bengal,2019-09-30,5.26,25610773.0,49.87,Rural,East
668,West Bengal,2019-10-31,6.78,24353018.0,48.09,Rural,East
669,West Bengal,2019-11-30,5.83,25630359.0,50.0,Rural,East
670,West Bengal,2019-12-31,5.79,24906239.0,48.47,Rural,East
671,West Bengal,2019-05-31,7.25,11306177.0,46.37,Urban,East
672,West Bengal,2019-06-30,7.38,10611498.0,43.51,Urban,East
673,West Bengal,2019-07-31,7.91,10779829.0,44.38,Urban,East
674,West Bengal,2019-08-31,7.27,11456493.0,46.77,Urban,East
675,West Bengal,2019-09-30,7.79,11158649.0,45.74,Urban,East
676,West Bengal,2019-10-31,7.83,10563686.0,43.25,Urban,East
677,West Bengal,2019-11-30,6.61,10768462.0,43.44,Urban,East
678,West Bengal,2019-12-31,7.24,11335696.0,45.97,Urban,East
679,West Bengal,2020-01-31,6.94,35820789.0,47.35,Urban,East
680,West Bengal,2020-02-29,4.92,36964178.0,47.74,Urban,East
681,West Bengal,2020-03-31,6.92,35903917.0,47.27,Urban,East
682,West Bengal,2020-04-30,17.41,26938836.0,39.9,Urban,East
683,West Bengal,2020-05-31,17.41,28356675.0,41.92,Urban,East
684,West Bengal,2020-06-30,7.29,30726310.0,40.39,Urban,East
685,West Bengal,2020-07-31,6.83,35372506.0,46.17,Urban,East
686,West Bengal,2020-08-31,14.87,33298644.0,47.48,Urban,East
687,West Bengal,2020-09-30,9.35,35707239.0,47.73,Urban,East
688,West Bengal,2020-10-31,9.98,33962549.0,45.63,Urban,East
689,Chandigarh,2019-05-31,18.35,348042.0,44.89,Urban,North
690,Chandigarh,2019-06-30,12.4,337145.0,40.44,Urban,North
691,Chandigarh,2019-07-31,21.8,294379.0,39.47,Urban,North
692,Chandigarh,2019-08-31,9.52,328282.0,37.95,Urban,North
693,Chandigarh,2019-09-30,20.14,327239.0,42.77,Urban,North
694,Chandigarh,2019-10-31,13.99,330856.0,40.06,Urban,North
695,Chandigarh,2019-11-30,22.05,289593.0,38.6,Urban,North
696,Chandigarh,2019-12-31,8.33,311146.0,35.19,Urban,North
